"event","n.0","n.1","theta","gamma","pi.0","pi.1","y.0","y.1","t.k","r.k","theta.k.hat","pi.0.hat","pi.1.hat","gamma.hat","flag"
1,250000,500,0.00166604810390725,0.834414226193047,0.0420485781839566,0.035085931827884,10473,19,10492,0.002,0.00181090354555852,0.041892,0.038,0.907094433304688,"include"
2,250000,500,0.00198915097086274,0.996557789325527,0.0536593520893735,0.0534746452948261,13413,31,13444,0.002,0.00230586135078846,0.053652,0.062,1.1555953179751,"include"
3,250000,500,0.00153503334719119,0.768696648585048,0.0492670405290622,0.0378714089403938,12525,18,12543,0.002,0.00143506338196604,0.0501,0.036,0.718562874251497,"include"
4,250000,500,0.00209540667075869,1.04990330977831,0.0481299753274536,0.0505318203958418,12193,20,12213,0.002,0.00163759927945632,0.048772,0.04,0.82014270483064,"include"
5,250000,500,0.00165941234471951,0.8310852855421,0.0554869647614321,0.0461143999526193,13881,17,13898,0.002,0.00122319758238595,0.055524,0.034,0.612347813558101,"include"
6,250000,500,0.00229154453821966,1.14840388776651,0.0488328726678694,0.0560798608225882,12091,25,12116,0.002,0.0020633872565203,0.048364,0.05,1.03382681333223,"include"
7,250000,500,0.00226596502842384,1.13555564358812,0.0626747483332946,0.0711706641803377,15848,33,15881,0.002,0.00207795478874126,0.063392,0.066,1.04114083796063,"include"
8,250000,500,0.0018093975474122,0.906338700728322,0.0518967924150229,0.0470360714093993,13001,25,13026,0.002,0.00191923844618455,0.052004,0.05,0.961464502730559,"include"
9,250000,500,0.00246322276188944,1.23465260534523,0.0479537677971187,0.059206244346833,12050,24,12074,0.002,0.00198774225608746,0.0482,0.048,0.995850622406639,"include"
10,250000,500,0.00190121278146004,0.952417138366766,0.0504053719936144,0.0480069401524706,12599,28,12627,0.002,0.00221747049972282,0.050396,0.056,1.11119930153187,"include"
11,250000,500,0.00180040565797105,0.901826482487103,0.0521670491706797,0.0470456264553258,12980,25,13005,0.002,0.00192233756247597,0.05192,0.05,0.963020030816641,"include"
12,250000,500,0.00173112762354494,0.867064811619266,0.0515664405369258,0.0447114460500257,12798,30,12828,0.002,0.00233863423760524,0.051192,0.06,1.17205813408345,"include"
13,250000,500,0.00215955195804634,1.08211285796442,0.0528437406871425,0.0571828912604942,13246,32,13278,0.002,0.00241000150625094,0.052984,0.064,1.20791182243696,"include"
14,250000,500,0.0015938135289616,0.798178912830599,0.0485117635605776,0.0387210666982769,12016,23,12039,0.002,0.00191045767920924,0.048064,0.046,0.957057256990679,"include"
15,250000,500,0.00202895986413997,1.01654245591323,0.0492096647059834,0.0500237134148867,12488,24,12512,0.002,0.00191815856777494,0.049952,0.048,0.960922485586163,"include"
16,250000,500,0.00169403349875404,0.848454058975078,0.0539659177332705,0.0457876019471085,13327,15,13342,0.002,0.00112426922500375,0.053308,0.03,0.562767314474375,"include"
17,250000,500,0.0021838803329746,1.09433005236645,0.0545670017473979,0.0597143098797099,13700,29,13729,0.002,0.00211231699322602,0.0548,0.058,1.05839416058394,"include"
18,250000,500,0.00190465692412405,0.954145782433161,0.0485531853369598,0.0463268170129558,12157,20,12177,0.002,0.00164244066683091,0.048628,0.04,0.822571358065312,"include"
19,250000,500,0.00236155356165376,1.1835718491427,0.0501729073013109,0.0593832406714776,12497,29,12526,0.002,0.00231518441641386,0.049988,0.058,1.16027846683204,"include"
20,250000,500,0.00212973094053642,1.06713818748392,0.0460504229684209,0.0491421648993887,11449,25,11474,0.002,0.00217883911451978,0.045796,0.05,1.09179841034151,"include"
21,250000,500,0.00272135670939167,1.36439135025108,0.0502457978124764,0.0685549319218073,12622,34,12656,0.002,0.00268647281921618,0.050488,0.068,1.34685469814609,"include"
22,250000,500,0.00172736131340206,0.865175126744284,0.0471929096150786,0.0408301315576572,11718,19,11737,0.002,0.0016188123029735,0.046872,0.038,0.810718552654037,"include"
23,250000,500,0.00189788519253438,0.950747004929693,0.0514300981191424,0.0488970117500148,12785,27,12812,0.002,0.00210739931314393,0.05114,0.054,1.05592491200626,"include"
24,250000,500,0.00184708431529051,0.925251174577524,0.0450703992307248,0.041701439826906,11108,14,11122,0.002,0.00125876640891926,0.044432,0.028,0.630176449405834,"include"
25,250000,500,0.00150080628946283,0.75153104725386,0.0472748346408318,0.0355285059863774,11591,25,11616,0.002,0.00215220385674931,0.046364,0.05,1.07842291433008,"include"
26,250000,500,0.00143317599650214,0.717616468949062,0.0600906870589717,0.0431220666639824,14769,21,14790,0.002,0.00141987829614604,0.059076,0.042,0.710948608572009,"include"
27,250000,500,0.00191170462444344,0.957683119469961,0.0456065923802798,0.0436766636591413,11331,21,11352,0.002,0.00184989429175476,0.045324,0.042,0.92666137145883,"include"
28,250000,500,0.00177472098462195,0.888938109427807,0.0535084073152905,0.0475656624373474,13356,23,13379,0.002,0.00171911204125869,0.053424,0.046,0.861036238394729,"include"
29,250000,500,0.00171113229125886,0.857032641857576,0.0471740073911273,0.0404296641814266,11825,17,11842,0.002,0.00143556831616281,0.0473,0.034,0.718816067653277,"include"
30,250000,500,0.00232065884809001,1.16302841622971,0.0545112240212534,0.0633981025401812,13508,21,13529,0.002,0.00155222115455688,0.054032,0.042,0.777317145395321,"include"
31,250000,500,0.00171655268863842,0.85975215419105,0.0468019209762773,0.0402380523796337,11657,17,11674,0.002,0.00145622751413397,0.046628,0.034,0.729175602642189,"include"
32,250000,500,0.00214848925689597,1.07655760088792,0.0526301173029251,0.056659352818087,13108,28,13136,0.002,0.00213154689403167,0.052432,0.056,1.06805004577357,"include"
33,250000,500,0.00193216428321993,0.967952384635416,0.0421398067619275,0.0407893264432833,10341,18,10359,0.002,0.00173761946133797,0.041364,0.036,0.870322019147084,"include"
34,250000,500,0.00242360384195292,1.2147459840103,0.0452141651289731,0.0549237255107987,11239,21,11260,0.002,0.00186500888099467,0.044956,0.042,0.934246819112021,"include"
35,250000,500,0.00181309822403236,0.908195760135955,0.0497826803619489,0.0452124192329254,12496,17,12513,0.002,0.00135858706944777,0.049984,0.034,0.680217669654289,"include"
36,250000,500,0.00180702361169019,0.905147428620671,0.0476934861741429,0.043169636372481,11859,20,11879,0.002,0.00168364340432696,0.047436,0.04,0.843241420018551,"include"
37,250000,500,0.00186265587093693,0.933065916175199,0.0441924279121808,0.0412344482378854,10844,17,10861,0.002,0.00156523340392229,0.043376,0.034,0.783843600147547,"include"
38,250000,500,0.00235077362049563,1.17815638920838,0.0539212601257604,0.0635276771313319,13411,34,13445,0.002,0.00252882112309409,0.053644,0.068,1.26761613600775,"include"
39,250000,500,0.00186178980595267,0.93263126636076,0.0540379357055627,0.0503974684086003,13694,13,13707,0.002,0.000948420515065295,0.054776,0.026,0.474660435227107,"include"
40,250000,500,0.00226383411892883,1.13448534609834,0.0536943288942647,0.0609154292991278,13476,29,13505,0.002,0.00214735283228434,0.053904,0.058,1.07598693974473,"include"
41,250000,500,0.00206110747655523,1.03268220729598,0.0486594305499001,0.0502497281460362,12028,23,12051,0.002,0.00190855530661356,0.048112,0.046,0.956102427668773,"include"
42,250000,500,0.00176425085633871,0.883684469250965,0.0482363029597606,0.0426256717796248,12107,17,12124,0.002,0.00140217749917519,0.048428,0.034,0.702073180804493,"include"
43,250000,500,0.00209818010891715,1.05129586252591,0.0526714995322705,0.0553733295313116,13254,22,13276,0.002,0.00165712564025309,0.053016,0.044,0.829938131884714,"include"
44,250000,500,0.0025207062190617,1.26353811792272,0.0560405669240717,0.0708093924585638,14130,31,14161,0.002,0.00218911093849304,0.05652,0.062,1.09695682944091,"include"
45,250000,500,0.00198447640752883,0.994211192419873,0.0479104256043945,0.0476330813694886,12020,15,12035,0.002,0.00124636476942252,0.04808,0.03,0.62396006655574,"include"
46,250000,500,0.0022881123692691,1.14667991713654,0.0509010945052745,0.0583672628294675,12691,23,12714,0.002,0.00180902941639138,0.050764,0.046,0.906153967378457,"include"
47,250000,500,0.00177056015747553,0.886850300545555,0.0492961284958637,0.043718286372289,12375,15,12390,0.002,0.00121065375302663,0.0495,0.03,0.606060606060606,"include"
48,250000,500,0.00225132303407202,1.12820146297668,0.0413098124471081,0.0466057908381197,10337,25,10362,0.002,0.00241266164833044,0.041348,0.05,1.2092483312373,"include"
49,250000,500,0.00172042866347606,0.861696819645774,0.0386551781234586,0.0333090440518252,9568,17,9585,0.002,0.001773604590506,0.038272,0.034,0.888377926421405,"include"
50,250000,500,0.00263500625371184,1.32098392776664,0.0467978431345878,0.0618191986349349,11608,26,11634,0.002,0.00223482894963039,0.046432,0.052,1.11991729841489,"include"
51,250000,500,0.00223596480212933,1.12048777228471,0.048318543838063,0.0541403375451522,12043,32,12075,0.002,0.00265010351966874,0.048172,0.064,1.32857261479698,"include"
52,250000,500,0.0021497764955049,1.07720399558302,0.0542048360929135,0.0583896660192091,13388,36,13424,0.002,0.00268176400476758,0.053552,0.072,1.34448760083657,"include"
53,250000,500,0.00205874453752018,1.03149585521749,0.0547431748088761,0.0564673579168023,13595,39,13634,0.002,0.00286049581927534,0.05438,0.078,1.43435086428834,"include"
54,250000,500,0.00158499075323533,0.793753468525628,0.0418957003740927,0.0332548574882465,10400,16,10416,0.002,0.00153609831029186,0.0416,0.032,0.769230769230769,"include"
55,250000,500,0.0016857962606414,0.844321484321749,0.055140182738787,0.0465560409357851,13824,24,13848,0.002,0.00173310225303293,0.055296,0.048,0.868055555555556,"include"
56,250000,500,0.00173580062364102,0.869409433256958,0.0497288414938014,0.0432347238996509,12558,22,12580,0.002,0.00174880763116057,0.050232,0.044,0.875935658544354,"include"
57,250000,500,0.00236582041008567,1.18571539472423,0.049194426332634,0.0583305886372311,12304,30,12334,0.002,0.00243230095670504,0.049216,0.06,1.21911573472042,"include"
58,250000,500,0.00240607335092144,1.20593825135015,0.0619225431636899,0.0746747634219743,15389,31,15420,0.002,0.00201037613488975,0.061556,0.062,1.00721294431087,"include"
59,250000,500,0.00199058776119683,0.997279052073971,0.0529188086360845,0.0527748193134782,13355,19,13374,0.002,0.00142066696575445,0.05342,0.038,0.711344065892924,"include"
60,250000,500,0.00260905682514754,1.30794090471811,0.0474673219944095,0.0620844520739141,12033,30,12063,0.002,0.0024869435463815,0.048132,0.06,1.2465719272002,"include"
61,250000,500,0.00190700277806254,0.955323193014298,0.0596728736754084,0.0570068802159299,14964,26,14990,0.002,0.00173448965977318,0.059856,0.052,0.86875167067629,"include"
62,250000,500,0.00191056711322018,0.957112183671874,0.0409469984969971,0.0391908711462698,10187,17,10204,0.002,0.00166601332810662,0.040748,0.034,0.834396780210072,"include"
63,250000,500,0.00163467001616766,0.818673268729258,0.0443573344288685,0.0363141639689986,11300,17,11317,0.002,0.00150216488468675,0.0452,0.034,0.752212389380531,"include"
64,250000,500,0.00216275820621953,1.08372293377806,0.0605817852170112,0.0656538700088916,14872,34,14906,0.002,0.00228096068697169,0.059488,0.068,1.14308768154922,"include"
65,250000,500,0.00199942727352576,1.00171649604541,0.0451782950267028,0.0452558433914546,11246,24,11270,0.002,0.00212954747116238,0.044984,0.048,1.06704606082163,"include"
66,250000,500,0.00157982950509569,0.791164657817656,0.0543815648936364,0.0430247721806625,13775,16,13791,0.002,0.00116017692698136,0.0551,0.032,0.580762250453721,"include"
67,250000,500,0.00161494180982982,0.808777032759946,0.0526034517322812,0.0425444636049654,13224,25,13249,0.002,0.00188693486300853,0.052896,0.05,0.945251058681186,"include"
68,250000,500,0.00234144887366312,1.17347206166863,0.0405816450411812,0.0476214266723794,10168,24,10192,0.002,0.00235478806907378,0.040672,0.048,1.1801730920535,"include"
69,250000,500,0.00163490002573263,0.81878865045201,0.0488437141958614,0.0399926788294931,12277,23,12300,0.002,0.00186991869918699,0.049108,0.046,0.936710922863892,"include"
70,250000,500,0.00153422654388962,0.768292005933773,0.0498674344959075,0.0383127512796318,12541,22,12563,0.002,0.00175117408262358,0.050164,0.044,0.877123036440475,"include"
71,250000,500,0.00204571213833572,1.02495282760852,0.0443418457465867,0.0454483001793449,11081,26,11107,0.002,0.00234086612046457,0.044324,0.052,1.17317931594621,"include"
72,250000,500,0.00131276953974525,0.657247584481606,0.057530427909607,0.0378117347777824,14513,24,14537,0.002,0.00165095962027929,0.058052,0.048,0.826844897677944,"include"
73,250000,500,0.00175375034081872,0.878415692228987,0.0504500761357664,0.0443161385518044,12495,24,12519,0.002,0.00191708602923556,0.04998,0.048,0.960384153661465,"include"
74,250000,500,0.00176433044834261,0.88372440604884,0.0490537638568236,0.0433500083288315,12284,27,12311,0.002,0.00219316058809195,0.049136,0.054,1.09899055682188,"include"
75,250000,500,0.00173923071673897,0.871130455215482,0.0464882340464804,0.0404973164870743,11694,17,11711,0.002,0.00145162667577491,0.046776,0.034,0.726868479562169,"include"
76,250000,500,0.00182438140346129,0.913857927138321,0.051753441923559,0.0472952931585371,13186,21,13207,0.002,0.00159006587415764,0.052744,0.042,0.796299105111482,"include"
77,250000,500,0.00167831476207181,0.840568118918414,0.0448191994670297,0.0376735901874303,11183,14,11197,0.002,0.00125033491113691,0.044732,0.028,0.62595010283466,"include"
78,250000,500,0.00285959500251107,1.43389786843422,0.0508955150809763,0.0729789705874737,12844,28,12872,0.002,0.00217526413921691,0.051376,0.056,1.09000311429461,"include"
79,250000,500,0.00168990006298693,0.846380329665876,0.0438048179217385,0.0370755362335547,11002,22,11024,0.002,0.00199564586357039,0.044008,0.044,0.999818214870024,"include"
80,250000,500,0.00206383820451465,1.03405322079991,0.0605811256601466,0.0626441081085588,15081,35,15116,0.002,0.00231542736173591,0.060324,0.07,1.16040050394536,"include"
81,250000,500,0.00209991634300066,1.05216763551372,0.0437427902362286,0.0460247481736252,11044,23,11067,0.002,0.00207825065510075,0.044176,0.046,1.04128938790293,"include"
82,250000,500,0.00163695530862976,0.819819662463469,0.0604268307580044,0.0495391039957643,14936,26,14962,0.002,0.00173773559684534,0.059744,0.052,0.870380289234065,"include"
83,250000,500,0.0017078087455504,0.855365172898117,0.0554123174084258,0.0473977664607434,13795,19,13814,0.002,0.00137541624438975,0.05518,0.038,0.688655309894889,"include"
84,250000,500,0.00214653164519908,1.07557457746685,0.0526005114416987,0.056575772868445,13247,31,13278,0.002,0.0023346889591806,0.052988,0.062,1.17007624367781,"include"
85,250000,500,0.0019777043528884,0.990811709074127,0.0552763096264152,0.0547684148122591,13796,35,13831,0.002,0.00253054732123491,0.055184,0.07,1.26848361844013,"include"
86,250000,500,0.00179254688871735,0.89788294163213,0.0428792756828206,0.038500570185146,10808,15,10823,0.002,0.00138593735563153,0.043232,0.03,0.693930421909696,"include"
87,250000,500,0.00240785731819418,1.20683454448688,0.0513112460178008,0.0619241842149469,12929,33,12962,0.002,0.0025459034099676,0.051716,0.066,1.27620078892412,"include"
88,250000,500,0.00180937092016612,0.906325338795287,0.045070668306387,0.0408486887225162,11246,26,11272,0.002,0.00230660042583392,0.044984,0.052,1.15596656589009,"include"
89,250000,500,0.00244294769350731,1.22446515107024,0.050390126813909,0.0617009542416417,12488,29,12517,0.002,0.00231684908524407,0.049952,0.058,1.16111467008328,"include"
90,250000,500,0.00220797279394112,1.10642936290226,0.0518396578974164,0.0573569196605098,12802,23,12825,0.002,0.00179337231968811,0.051208,0.046,0.898297141071708,"include"
91,250000,500,0.0023644042518956,1.18500395433595,0.0469277631617879,0.0556095849148595,11776,23,11799,0.002,0.00194931773879142,0.047104,0.046,0.9765625,"include"
92,250000,500,0.00228246721384983,1.14384439425254,0.0475733874655033,0.05441655256802,12096,26,12122,0.002,0.00214486058406204,0.048384,0.052,1.07473544973545,"include"
93,250000,500,0.00148760041493137,0.744908333411552,0.0611364073902281,0.0455410193398245,15448,30,15478,0.002,0.00193823491407159,0.061792,0.06,0.97099948213361,"include"
94,250000,500,0.00266923728993683,1.33819059320083,0.04166006904049,0.0557491125020808,10349,27,10376,0.002,0.00260215882806477,0.041396,0.054,1.30447386220891,"include"
95,250000,500,0.00255221062610942,1.27937053613176,0.0460769233937233,0.0589494581855298,11447,43,11490,0.002,0.00374238468233246,0.045788,0.086,1.87822136804403,"include"
96,250000,500,0.00192209403343328,0.962897796826727,0.0548126963137301,0.0527790245186232,13708,36,13744,0.002,0.00261932479627474,0.054832,0.072,1.31310183834257,"include"
97,250000,500,0.00195747591563513,0.980657571395056,0.049268473432247,0.0483155015024091,12244,28,12272,0.002,0.00228161668839635,0.048976,0.056,1.14341718392682,"include"
98,250000,500,0.00253335813318734,1.26989616838014,0.0427106845566462,0.0542381346673778,10562,27,10589,0.002,0.0025498158466333,0.042248,0.054,1.27816701382314,"include"
99,250000,500,0.00231484760547921,1.16010927892602,0.0457196457657428,0.053039785282049,11440,29,11469,0.002,0.00252855523585317,0.04576,0.058,1.26748251748252,"include"
100,250000,500,0.00189385997739984,0.948726744310459,0.0569758109160827,0.0540544755948635,14202,32,14234,0.002,0.00224813826050302,0.056808,0.064,1.12660188705816,"include"
101,250000,500,0.00211180442314036,1.05813678952258,0.045566267228037,0.0482153437152031,11465,29,11494,0.002,0.00252305550722116,0.04586,0.058,1.2647187091147,"include"
102,250000,500,0.00231913774683963,1.16226432448654,0.0409183269898115,0.0475579116779324,10134,23,10157,0.002,0.0022644481638279,0.040536,0.046,1.13479376356819,"include"
103,250000,500,0.00180810933226623,0.905692256754715,0.0512869379731841,0.0464501825949722,12882,19,12901,0.002,0.00147275405007364,0.051528,0.038,0.737463126843658,"include"
104,250000,500,0.00219189818309122,1.09835657733185,0.0524304333173574,0.0575873112864785,13137,25,13162,0.002,0.00189940738489591,0.052548,0.05,0.951510999467154,"include"
105,250000,500,0.00204287845310425,1.02353017429129,0.0536791352992308,0.0549422147086273,13590,29,13619,0.002,0.00212937807474851,0.05436,0.058,1.06696100073584,"include"
106,250000,500,0.00234255243682244,1.17402643690188,0.0544668594650663,0.0639455329470071,13701,35,13736,0.002,0.00254804892253931,0.054804,0.07,1.27727903072768,"include"
107,250000,500,0.00183299205944249,0.91817904461918,0.051963508652732,0.047711804729826,12994,19,13013,0.002,0.00146007838315531,0.051976,0.038,0.731106664614437,"include"
108,250000,500,0.00230071022782849,1.15300785086951,0.0431993215498593,0.0498091568992241,10735,26,10761,0.002,0.00241613232970913,0.04294,0.052,1.21099208197485,"include"
109,250000,500,0.00176198989452637,0.882549991429497,0.050115671232049,0.0442295852163284,12639,20,12659,0.002,0.00157990362587882,0.050556,0.04,0.791201835588259,"include"
110,250000,500,0.00210350018624046,1.05396711313901,0.042435401106245,0.044725517198845,10541,19,10560,0.002,0.00179924242424242,0.042164,0.038,0.901242766340954,"include"
111,250000,500,0.0020106954169897,1.00737322923006,0.0420194641742291,0.04232928331571,10478,11,10489,0.002,0.00104871770426161,0.041912,0.022,0.524909333842336,"include"
112,250000,500,0.00195852091058385,0.981182120992982,0.0461122038032433,0.0452444699313269,11527,22,11549,0.002,0.00190492683349208,0.046108,0.044,0.954281252711026,"include"
113,250000,500,0.00226006722360359,1.13259334890733,0.0428624541049701,0.0485457304371349,10834,26,10860,0.002,0.00239410681399632,0.043336,0.052,1.19992615839025,"include"
114,250000,500,0.00251628295271606,1.26131530255184,0.0575634139237264,0.0726056148491218,14538,37,14575,0.002,0.00253859348198971,0.058152,0.074,1.27252717017471,"include"
115,250000,500,0.0019745946528035,0.989250695535437,0.0533278029110435,0.0527545661211265,13396,33,13429,0.002,0.00245736838186015,0.053584,0.066,1.23171095849507,"include"
116,250000,500,0.00194733015846222,0.97556482603839,0.0471330914899146,0.0459813862000101,11684,14,11698,0.002,0.00119678577534621,0.046736,0.028,0.599109893871962,"include"
117,250000,500,0.00188091566407423,0.942230087367608,0.0475739478385049,0.0448256050282965,11875,16,11891,0.002,0.0013455554621142,0.0475,0.032,0.673684210526316,"include"
118,250000,500,0.00229460856643116,1.14994295216452,0.0449864803004514,0.0517318859641922,11286,24,11310,0.002,0.00212201591511936,0.045144,0.048,1.06326422115896,"include"
119,250000,500,0.00158188964567633,0.792197992640045,0.0586091190338092,0.0464300264489851,14590,19,14609,0.002,0.00130056814292559,0.05836,0.038,0.651130911583276,"include"
120,250000,500,0.00167574974739244,0.839281299121215,0.0518206544475199,0.0434921061860261,13062,24,13086,0.002,0.00183402109124255,0.052248,0.048,0.91869545245751,"include"
121,250000,500,0.00210727983150937,1.05586491860246,0.0529048461501701,0.0558603710740249,13171,35,13206,0.002,0.00265031046494018,0.052684,0.07,1.32867663806848,"include"
122,250000,500,0.0015286145411661,0.765477390453029,0.0465615666842374,0.0356418265608547,11634,15,11649,0.002,0.00128766417718259,0.046536,0.03,0.644662197008767,"include"
123,250000,500,0.00151685025491497,0.759577292467191,0.0439419001991238,0.033377269579114,11046,16,11062,0.002,0.00144639305731332,0.044184,0.032,0.724244070251675,"include"
124,250000,500,0.00202253295758448,1.01331594368479,0.04754743301661,0.0481805719570153,11924,29,11953,0.002,0.00242616916255333,0.047696,0.058,1.2160348876216,"include"
125,250000,500,0.00147255540360142,0.737363510422402,0.0479238071140123,0.0353372666463942,11729,17,11746,0.002,0.00144730120892219,0.046916,0.034,0.72469946286981,"include"
126,250000,500,0.00188349825012959,0.943526255115255,0.0503485945929769,0.0475052209066277,12578,21,12599,0.002,0.0016667989522978,0.050312,0.042,0.834790904754333,"include"
127,250000,500,0.00169961025496195,0.85125192398053,0.0465845079804925,0.0396551520460806,11701,25,11726,0.002,0.00213201432713628,0.046804,0.05,1.06828476198616,"include"
128,250000,500,0.00174243108631773,0.872736225889009,0.0541513254177231,0.0472598233719513,13364,14,13378,0.002,0.00104649424428166,0.053456,0.028,0.523795270876983,"include"
129,250000,500,0.00266873300721572,1.33793710050957,0.0441701321618948,0.0590968585538101,11043,24,11067,0.002,0.00216860937923556,0.044172,0.048,1.0866612333605,"include"
130,250000,500,0.00194252933515284,0.973155049808322,0.0501320063549851,0.0487862151413767,12651,20,12671,0.002,0.00157840738694657,0.050604,0.04,0.790451347719548,"include"
131,250000,500,0.00213662653547335,1.07060074169027,0.0618829073318323,0.0662518864874098,15431,30,15461,0.002,0.00194036608240088,0.061724,0.06,0.972069211327847,"include"
132,250000,500,0.00156567285515986,0.784064015325433,0.044890541832641,0.0351970584794348,11296,13,11309,0.002,0.0011495269254576,0.045184,0.026,0.57542492917847,"include"
133,250000,500,0.001558859222656,0.780646529369944,0.045684900323947,0.0356637588825011,11413,20,11433,0.002,0.00174932213767165,0.045652,0.04,0.876193814071673,"include"
134,250000,500,0.00221638087537353,1.11065206568434,0.048588777695314,0.0539652263163779,12003,36,12039,0.002,0.00299028158484924,0.048012,0.072,1.49962509372657,"include"
135,250000,500,0.00196845056702851,0.98616650352731,0.0529560741772652,0.0522235065119265,13252,29,13281,0.002,0.0021835705142685,0.053008,0.058,1.09417446423181,"include"
136,250000,500,0.00169635705913632,0.849619788093272,0.0572638474326867,0.0486524979211648,14439,29,14468,0.002,0.00200442355543268,0.057756,0.058,1.00422466929843,"include"
137,250000,500,0.00202515841512928,1.01463400215237,0.0487331698913336,0.0494463312044154,12283,25,12308,0.002,0.0020311992200195,0.049132,0.05,1.01766669380445,"include"
138,250000,500,0.00173038179943208,0.866690605365301,0.0586389334520531,0.0508218127315355,14836,31,14867,0.002,0.00208515504136679,0.059344,0.062,1.04475599892154,"include"
139,250000,500,0.00231567247723605,1.16052363125009,0.0500515499464747,0.0580860064935783,12494,29,12523,0.002,0.00231573904016609,0.049976,0.058,1.16055706739235,"include"
140,250000,500,0.00234177134219491,1.17363405369061,0.0497123577117122,0.0583441158997144,12522,27,12549,0.002,0.00215156586182166,0.050088,0.054,1.07810253953043,"include"
141,250000,500,0.0023569381479093,1.18125321471876,0.0463434363727304,0.0547433331964021,11533,25,11558,0.002,0.00216300397992732,0.046132,0.05,1.08384635394087,"include"
142,250000,500,0.00200603642284731,1.00503434692981,0.0553811323281929,0.0556599401616987,13697,20,13717,0.002,0.00145804476197419,0.054788,0.04,0.73008688033876,"include"
143,250000,500,0.00228804374671668,1.14664544830604,0.0560703359452753,0.0642927954966403,13949,32,13981,0.002,0.00228882054216437,0.055796,0.064,1.14703562979425,"include"
144,250000,500,0.00233360609807312,1.16953227668933,0.0544788683029532,0.0637147948778112,13635,33,13668,0.002,0.002414398595259,0.05454,0.066,1.21012101210121,"include"
145,250000,500,0.00169559121272785,0.849235562721613,0.0587362479246828,0.0498809105584742,14633,19,14652,0.002,0.0012967512967513,0.058532,0.038,0.649217522039226,"include"
146,250000,500,0.00222322833196635,1.11409104475827,0.0485544341457692,0.0540940602651067,12004,29,12033,0.002,0.00241003905925372,0.048016,0.058,1.20793068977008,"include"
147,250000,500,0.00213969732260076,1.07214272221254,0.0553081024623378,0.0592981795343811,13714,39,13753,0.002,0.00283574492837926,0.054856,0.078,1.42190462301298,"include"
148,250000,500,0.00173088974418861,0.86694545909823,0.0522771308567708,0.0453214212109614,12999,23,13022,0.002,0.00176624174473967,0.051996,0.046,0.884683437187476,"include"
149,250000,500,0.0022577306622263,1.13141977222475,0.0420964509133435,0.0476287569038455,10480,25,10505,0.002,0.00237981913374584,0.04192,0.05,1.19274809160305,"include"
150,250000,500,0.00166433330915047,0.833553966206169,0.0416259022215194,0.0346974358936576,10415,23,10438,0.002,0.00220348725809542,0.04166,0.046,1.10417666826692,"include"
151,250000,500,0.00187258676918651,0.9380499645457,0.0495495591094251,0.0464799621658513,12284,29,12313,0.002,0.00235523430520588,0.049136,0.058,1.18039726473461,"include"
152,250000,500,0.00195940881772936,0.981627819069092,0.0470250578924766,0.0461611050205896,11846,20,11866,0.002,0.00168548794876117,0.047384,0.04,0.844166807361135,"include"
153,250000,500,0.00200657067830669,1.00530254977255,0.053535604210066,0.0538194794159933,13596,26,13622,0.002,0.00190867713992072,0.054384,0.052,0.956163577522801,"include"
154,250000,500,0.0017482003101067,0.875630933322523,0.0523812999863332,0.04586668659568,13017,24,13041,0.002,0.00184034966643662,0.052068,0.048,0.921871398939848,"include"
155,250000,500,0.00223816288172788,1.12159174587802,0.053043997505071,0.0594937097700617,13279,17,13296,0.002,0.00127858002406739,0.053116,0.034,0.640108441900746,"include"
156,250000,500,0.0015667375404884,0.784598029431103,0.0485901005988673,0.0381236971797303,12117,18,12135,0.002,0.00148331273176761,0.048468,0.036,0.742758108442684,"include"
157,250000,500,0.00203554438885091,1.0198481405855,0.0569786442288085,0.0581095643698333,14131,34,14165,0.002,0.00240028238616308,0.056524,0.068,1.20302880192485,"include"
158,250000,500,0.00210667639078243,1.05556192277293,0.0445059616505919,0.046978798454757,11131,23,11154,0.002,0.00206204052357899,0.044524,0.046,1.03315066031803,"include"
159,250000,500,0.00202815539447034,1.01613858418622,0.0445550895014846,0.0452741455643287,11079,19,11098,0.002,0.0017120201838169,0.044316,0.038,0.857478111742937,"include"
160,250000,500,0.00175796156466616,0.880528717975867,0.0530204615420119,0.0466860390280765,13158,21,13179,0.002,0.00159344411563852,0.052632,0.042,0.797993616051072,"include"
161,250000,500,0.00189186032777183,0.947723123665289,0.0469075866523346,0.0444554045457508,11638,30,11668,0.002,0.00257113472745972,0.046552,0.06,1.28888125107407,"include"
162,250000,500,0.00243229357583575,1.21911202626759,0.0462215378944854,0.0563492327197503,11439,30,11469,0.002,0.00261574679571018,0.045756,0.06,1.311303435615,"include"
163,250000,500,0.00177688981518434,0.890026386413432,0.0502272902754674,0.0447036136632127,12554,24,12578,0.002,0.00190809349658133,0.050216,0.048,0.95587063884021,"include"
164,250000,500,0.00228505035416183,1.1451418839484,0.0501503999872982,0.0574293235222203,12531,32,12563,0.002,0.00254716230199793,0.050124,0.064,1.27683345303647,"include"
165,250000,500,0.00218383581027025,1.09430769346357,0.0471362790423827,0.0515815927973249,11736,20,11756,0.002,0.00170125893160939,0.046944,0.04,0.852079072937969,"include"
166,250000,500,0.00249181019600292,1.24901741232448,0.0581067292653794,0.0725763166256832,14350,36,14386,0.002,0.00250243292089532,0.0574,0.072,1.25435540069686,"include"
167,250000,500,0.00184074155386258,0.922068065935748,0.0538491985594011,0.049652626367857,13654,32,13686,0.002,0.00233815577962882,0.054616,0.064,1.17181778233485,"include"
168,250000,500,0.00154072121654544,0.771549350726996,0.0514253315534301,0.0396771811709695,12953,22,12975,0.002,0.00169556840077071,0.051812,0.044,0.84922411796495,"include"
169,250000,500,0.00187575444134962,0.939639754116862,0.0445270182926324,0.0418393565200461,11084,19,11103,0.002,0.0017112492119247,0.044336,0.038,0.85709130277878,"include"
170,250000,500,0.00157756041747741,0.790026523310636,0.0520340548819012,0.0411082834721032,12762,23,12785,0.002,0.00179898318341807,0.051048,0.046,0.901112678263595,"include"
171,250000,500,0.00207765944009748,1.04099254804325,0.0414474558162756,0.0431464926400949,10512,20,10532,0.002,0.00189897455374098,0.042048,0.04,0.951293759512938,"include"
172,250000,500,0.00191198645502838,0.957824575128129,0.0432209466096011,0.0413980848229768,10980,23,11003,0.002,0.00209033899845497,0.04392,0.046,1.04735883424408,"include"
173,250000,500,0.00200948862569382,1.00676740048691,0.0579947900132428,0.0583872639834166,14524,23,14547,0.002,0.00158108201003643,0.058096,0.046,0.791792894519416,"include"
174,250000,500,0.00173115779497854,0.867079949703066,0.0382744093904631,0.0331869729691973,9467,18,9485,0.002,0.00189773326304692,0.037868,0.036,0.950670751029893,"include"
175,250000,500,0.00181823046270833,0.910771223336993,0.0554651454350495,0.0505160583604442,13851,30,13881,0.002,0.00216122757726389,0.055404,0.06,1.08295429932857,"include"
176,250000,500,0.00174627079132272,0.874662793750341,0.0537284238430088,0.0469942533023285,13475,23,13498,0.002,0.00170395614165061,0.0539,0.046,0.85343228200371,"include"
177,250000,500,0.00135511194345721,0.678475381821855,0.050182121100571,0.0340473337743404,12499,15,12514,0.002,0.00119865750359597,0.049996,0.03,0.600048003840307,"include"
178,250000,500,0.00200839900003897,1.00622039204869,0.0556724829773086,0.0560187876477517,14109,14,14123,0.002,0.000991290802237485,0.056436,0.028,0.496137217378978,"include"
179,250000,500,0.00239228368640036,1.19901021577921,0.0558201839100485,0.0669289707548227,13917,45,13962,0.002,0.00322303394929093,0.055668,0.09,1.61672774304807,"include"
180,250000,500,0.00228627715895198,1.14575810004982,0.0480583177422851,0.0550632068279911,12046,20,12066,0.002,0.00165755014089176,0.048184,0.04,0.830151087497925,"include"
181,250000,500,0.00212490342311405,1.06471412624853,0.0605495704555266,0.0644679830022796,15186,30,15216,0.002,0.00197160883280757,0.060744,0.06,0.987751876728566,"include"
182,250000,500,0.00203010043671055,1.01711506409107,0.0510190529484644,0.0518922473095432,12887,30,12917,0.002,0.00232252070914299,0.051548,0.06,1.16396368433305,"include"
183,250000,500,0.00240606951432084,1.20593632378529,0.0470084777073549,0.0566892307931505,11665,23,11688,0.002,0.0019678302532512,0.04666,0.046,0.985855122160309,"include"
184,250000,500,0.00226128842819377,1.13320672134261,0.0481408729512287,0.0545535607996331,12078,28,12106,0.002,0.00231290269287956,0.048312,0.056,1.15913230667329,"include"
185,250000,500,0.00178028038762928,0.891727719184211,0.0444727275036322,0.0396575638627149,11142,21,11163,0.002,0.00188121472722386,0.044568,0.042,0.942380183091007,"include"
186,250000,500,0.00168458397076813,0.843713291270464,0.0454326023669791,0.0383320904740262,11342,14,11356,0.002,0.00123282846072561,0.045368,0.028,0.617175101393052,"include"
187,250000,500,0.00201256688857098,1.0083127411216,0.0546460895790354,0.0551003483750135,13527,19,13546,0.002,0.00140262808209065,0.054108,0.038,0.702299105492718,"include"
188,250000,500,0.00170890332956681,0.855914339648255,0.0481687931438845,0.0412283607754013,12106,16,12122,0.002,0.00131991420557664,0.048424,0.032,0.660829340822732,"include"
189,250000,500,0.00214594951445247,1.07528225866712,0.0409778586778011,0.0440627644344081,10345,17,10362,0.002,0.0016406099208647,0.04138,0.034,0.821652972450459,"include"
190,250000,500,0.00211414314264858,1.05931110663632,0.0493906583711233,0.0523200729766108,12235,26,12261,0.002,0.00212054481689911,0.04894,0.052,1.06252554147936,"include"
191,250000,500,0.00168972240125663,0.846291197823261,0.0620621515704451,0.0525226525920408,15691,29,15720,0.002,0.00184478371501272,0.062764,0.058,0.924096615894462,"include"
192,250000,500,0.00241796710936248,1.21191392268567,0.0423070528184551,0.0512725063384838,10512,25,10537,0.002,0.00237259181930341,0.042048,0.05,1.18911719939117,"include"
193,250000,500,0.00194616456712992,0.974979754617064,0.0497884191444115,0.0485427006801899,12385,25,12410,0.002,0.00201450443190975,0.04954,0.05,1.00928542591845,"include"
194,250000,500,0.00186950303861458,0.936502313227537,0.0460646527931547,0.0431396538988127,11559,21,11580,0.002,0.00181347150259067,0.046236,0.042,0.908383078120945,"include"
195,250000,500,0.00246881775305002,1.23746394949228,0.0412917436843894,0.0510970442211072,10211,28,10239,0.002,0.00273464205488817,0.040844,0.056,1.37107041425913,"include"
196,250000,500,0.00206036836925157,1.03231112581664,0.0415112839186467,0.0428525602361524,10200,18,10218,0.002,0.00176159718144451,0.0408,0.036,0.88235294117647,"include"
197,250000,500,0.00185141083505005,0.927422457511531,0.0493900411345499,0.0458054333255999,12448,24,12472,0.002,0.00192431045542014,0.049792,0.048,0.96401028277635,"include"
198,250000,500,0.00200362762314989,1.00382510328069,0.0472394925538134,0.0474201884917591,11855,21,11876,0.002,0.00176827214550354,0.04742,0.042,0.885702235343737,"include"
199,250000,500,0.00152284163051576,0.762582107037161,0.0505001654686788,0.0385105225888303,12600,20,12620,0.002,0.00158478605388273,0.0504,0.04,0.793650793650794,"include"
200,250000,500,0.00203370912368019,1.01892676249334,0.0552395144633728,0.0562850196338685,13840,22,13862,0.002,0.00158707257250036,0.05536,0.044,0.794797687861272,"include"
